path,kind,size_bytes,ext,approx_LOC,exports_count,imports_count,hasTests,eslintErrors,notes
.actrc,file,673,none,30,,,,,
.codecov.yml,file,330,.yml,22,,,,,
.dockerignore,file,179,none,15,,,,,
.eslintignore,file,49,none,6,,,,,
.eslintrc.js,file,6978,.js,242,1,,,,
.eslintrc.json,file,433,.json,28,,,,,
.github\act-events\push.json,file,1121,.json,44,,,,,
.github\act-events\workflow_dispatch.json,file,656,.json,29,,,,,
.github\actions-lockfile.md,file,3920,.md,58,,,,,
.github\dependabot.yml,file,2174,.yml,82,,,,,
.github\PROJECT_ROADMAP.md,file,3848,.md,103,,,,,
.github\PULL_REQUEST_TEMPLATE.md,file,327,.md,9,,,,,
.github\release-template.md,file,462,.md,21,,,,,
.github\SECURITY_ACTIONS.md,file,6557,.md,131,,,,,
.github\workflows\auto-release-note.yml,file,2148,.yml,74,,,,,
.github\workflows\blog-release.yml,file,11489,.yml,276,,,,,
.github\workflows\ci.yml,file,9406,.yml,287,,,,,
.github\workflows\comprehensive-testing.yml,file,16196,.yml,509,,,true,,
.github\workflows\contract-validation.yml,file,19371,.yml,507,,,true,,
.github\workflows\deploy-production.yml,file,12864,.yml,403,,,,,
.github\workflows\docs-ci.yml,file,1070,.yml,47,,,,,
.github\workflows\docs-deploy.yml,file,1509,.yml,60,,,,,
.github\workflows\enforce-release-review.yml,file,1406,.yml,50,,,,,
.github\workflows\post-release-generate-blog.yml,file,2397,.yml,79,,,,,
.github\workflows\publish-release-blog.yml,file,1503,.yml,48,,,,,
.github\workflows\release-protection.yml,file,11616,.yml,326,,,true,,
.github\workflows\release-sync.yml,file,1327,.yml,51,,,,,
.github\workflows\roadmap-label-sync.yml,file,757,.yml,36,,,,,
.github\workflows\roadmap-labels.yml,file,2544,.yml,68,,,true,,
.github\workflows\roadmap-maintenance.yml,file,6049,.yml,159,,,true,,
.github\workflows\roadmap-sync.yml,file,1086,.yml,45,,,,,
.github\workflows\security-audit.yml,file,10497,.yml,276,,,true,,
.github\workflows\sync-roadmap.yml,file,1691,.yml,63,,,,,
.github\workflows\verify-blog-badge.yml,file,1744,.yml,51,,,,,
.gitignore,file,2305,none,142,,,,,
.husky\pre-commit,file,137,none,5,,,,,
.husky\_\.gitignore,file,1,none,1,,,,,
.husky\_\husky.sh,file,717,.sh,,,,,,
.npmrc,file,75,none,2,,,,,
.secrets,file,820,none,28,,,,,
analyze-test-failures.js,file,6280,.js,174,,3,true,,
apply-systematic-fixes.js,file,9505,.js,302,2,3,true,,
bin\cli.js,file,395,.js,15,,1,true,,
CHANGELOG.md,file,7299,.md,148,,,true,,
ci-reports\ci-hardening-results.json,file,249,.json,11,,,,,
ci-reports\eslint-fixes-2025-08-08T20-16-21-588Z.json,file,2410,.json,65,,,,,
ci-reports\eslint-fixes-2025-08-08T20-17-12-059Z.json,file,235,.json,12,,,,,
ci-reports\eslint-fixes-batch1-2025-08-08T20-27-30.json,file,766,.json,24,,,,,
ci-reports\eslint-fixes-batch2-2025-08-08T20-44-20-168Z.json,file,261,.json,13,,,,,
ci-reports\eslint-fixes-batch2-2025-08-08T20-44-51-954Z.json,file,261,.json,13,,,,,
ci-reports\eslint-fixes-log.md,file,3220,.md,99,,,,,
ci-reports\eslint-inventory-2025-08-08T20-14-24-537Z.json,file,1602475,.json,18356,,,true,,
ci-reports\eslint-inventory-2025-08-08T20-14-47-414Z.json,file,1602475,.json,18356,,,true,,
complete-final-qa.js,file,9841,.js,267,,3,true,,
comprehensive-security-reports\comprehensive-security-report.json,file,2965,.json,106,,,,,
comprehensive-security-reports\security-dashboard.html,file,3678,.html,80,,,,,
coverage\clover.xml,file,396,.xml,7,,,,,
coverage\coverage-final.json,file,3,.json,2,,,,,
coverage\lcov-report\adaptive-retrieval.js.html,file,115618,.html,2353,,,true,,
coverage\lcov-report\ai\index.html,file,4448,.html,116,,,,,
coverage\lcov-report\ai\index.js.html,file,148993,.html,3316,,,true,,
coverage\lcov-report\base.css,file,5394,.css,225,,,,,
coverage\lcov-report\block-navigation.js,file,2655,.js,88,,,true,,
coverage\lcov-report\config\index.html,file,4442,.html,116,,,,,
coverage\lcov-report\config\load-config.js.html,file,6993,.html,184,,,,,
coverage\lcov-report\config\validate-schema.js.html,file,16514,.html,433,,,,,
coverage\lcov-report\core\index.html,file,5160,.html,131,,,,,
coverage\lcov-report\core\observability\event-logger.js.html,file,62558,.html,1414,,,,,
coverage\lcov-report\core\observability\index.html,file,5196,.html,131,,,,,
coverage\lcov-report\core\observability\tracing.js.html,file,72301,.html,1759,,,true,,
coverage\lcov-report\core\performance\benchmark-strategy.js.html,file,124040,.html,2695,,,true,,
coverage\lcov-report\core\performance\index.html,file,6690,.html,161,,,,,
coverage\lcov-report\core\performance\memory-profiler.js.html,file,80431,.html,1669,,,true,,
coverage\lcov-report\core\performance\performance-integration.js.html,file,64238,.html,1423,,,true,,
coverage\lcov-report\core\performance\pipeline-optimizer.js.html,file,67794,.html,1441,,,true,,
coverage\lcov-report\core\plugin-contracts.js.html,file,13752,.html,352,,,,,
coverage\lcov-report\core\plugin-registry.js.html,file,15752,.html,379,,,,,
coverage\lcov-report\dag\dag-engine.js.html,file,76747,.html,1669,,,true,,
coverage\lcov-report\dag\index.html,file,4475,.html,116,,,,,
coverage\lcov-report\dag-engine.js.html,file,106735,.html,2236,,,true,,
coverage\lcov-report\dx\index.html,file,7328,.html,176,,,,,
coverage\lcov-report\dx\index.js.html,file,8539,.html,196,,,,,
coverage\lcov-report\dx\integration-templates.js.html,file,51288,.html,1195,,,,,
coverage\lcov-report\dx\performance-profiler.js.html,file,110951,.html,2572,,,true,,
coverage\lcov-report\dx\realtime-debugger.js.html,file,84204,.html,1864,,,true,,
coverage\lcov-report\dx\visual-pipeline-builder.js.html,file,72980,.html,1741,,,true,,
coverage\lcov-report\ecosystem\index.html,file,5230,.html,131,,,,,
coverage\lcov-report\ecosystem\plugin-certification.js.html,file,71084,.html,1660,,,true,,
coverage\lcov-report\ecosystem\plugin-hub.js.html,file,96835,.html,2263,,,true,,
coverage\lcov-report\favicon.png,file,445,.png,,,,,,
coverage\lcov-report\federated-learning.js.html,file,121949,.html,2608,,,true,,
coverage\lcov-report\index.html,file,3703,.html,101,,,,,
coverage\lcov-report\index.js.html,file,8482,.html,196,,,,,
coverage\lcov-report\integration-templates.js.html,file,53475,.html,1195,,,,,
coverage\lcov-report\llm-reranker.js.html,file,9361,.html,229,,,,,
coverage\lcov-report\model-training.js.html,file,24973,.html,526,,,true,,
coverage\lcov-report\multimodal-processing.js.html,file,97451,.html,2326,,,true,,
coverage\lcov-report\performance-profiler.js.html,file,121010,.html,2572,,,true,,
coverage\lcov-report\prettify.css,file,676,.css,2,,,,,
coverage\lcov-report\prettify.js,file,17590,.js,3,,,true,,
coverage\lcov-report\realtime-debugger.js.html,file,88300,.html,1864,,,true,,
coverage\lcov-report\reranker\index.html,file,4427,.html,116,,,,,
coverage\lcov-report\reranker\llm-reranker.js.html,file,7261,.html,187,,,,,
coverage\lcov-report\scripts\ensure-roadmap-labels.js.html,file,13213,.html,304,,,true,,
coverage\lcov-report\scripts\index.html,file,4465,.html,116,,,,,
coverage\lcov-report\sort-arrow-sprite.png,file,138,.png,,,,,,
coverage\lcov-report\sorter.js,file,6181,.js,197,,,,,
coverage\lcov-report\src\config\index.html,file,5157,.html,131,,,,,
coverage\lcov-report\src\config\load-config.js.html,file,9917,.html,235,,,,,
coverage\lcov-report\src\config\validate-schema.js.html,file,15596,.html,406,,,,,
coverage\lcov-report\src\core\index.html,file,5192,.html,131,,,,,
coverage\lcov-report\src\core\observability\event-logger.js.html,file,56879,.html,1381,,,,,
coverage\lcov-report\src\core\observability\index.html,file,5959,.html,146,,,,,
coverage\lcov-report\src\core\observability\metrics.js.html,file,79972,.html,1912,,,true,,
coverage\lcov-report\src\core\observability\tracing.js.html,file,70799,.html,1651,,,,,
coverage\lcov-report\src\core\performance\benchmark.js.html,file,69144,.html,1477,,,,,
coverage\lcov-report\src\core\performance\index.html,file,5937,.html,146,,,,,
coverage\lcov-report\src\core\performance\parallel-processor.js.html,file,35353,.html,733,,,,,
coverage\lcov-report\src\core\performance\streaming-safeguards.js.html,file,48452,.html,1063,,,true,,
coverage\lcov-report\src\core\plugin-contracts.js.html,file,12977,.html,328,,,,,
coverage\lcov-report\src\core\plugin-registry.js.html,file,15370,.html,367,,,,,
coverage\lcov-report\src\dag\dag-engine.js.html,file,25645,.html,592,,,true,,
coverage\lcov-report\src\dag\index.html,file,4494,.html,116,,,,,
coverage\lcov-report\src\reranker\index.html,file,4459,.html,116,,,,,
coverage\lcov-report\src\reranker\llm-reranker.js.html,file,7293,.html,187,,,,,
coverage\lcov-report\src\utils\index.html,file,4436,.html,116,,,,,
coverage\lcov-report\src\utils\logger.js.html,file,6492,.html,172,,,,,
coverage\lcov-report\streaming-safeguards.js.html,file,47738,.html,1162,,,true,,
coverage\lcov-report\utils\index.html,file,4404,.html,116,,,,,
coverage\lcov-report\utils\logger.js.html,file,6843,.html,184,,,,,
coverage\lcov-report\visual-pipeline-builder.js.html,file,80333,.html,1741,,,true,,
coverage\lcov-report\__tests__\fixtures\src\mocks\index.html,file,5226,.html,131,,,true,,
coverage\lcov-report\__tests__\fixtures\src\mocks\openai-llm.js.html,file,8206,.html,214,,,true,,
coverage\lcov-report\__tests__\fixtures\src\mocks\reranker.js.html,file,14908,.html,373,,,true,,
coverage\lcov-report\__tests__\utils\index.html,file,4464,.html,116,,,true,,
coverage\lcov-report\__tests__\utils\test-helpers.js.html,file,77946,.html,1600,,,true,,
coverage\lcov.info,file,,.info,,,,,,
current-eslint-errors.json,file,1977160,.json,2,,,,,
current-eslint-status.json,file,934515,.json,1,,,true,,
debug-ai-tests.js,file,2029,.js,74,,2,true,,
debug-cycle-path.js,file,2058,.js,60,,1,,,
debug-cycle.js,file,1585,.js,48,,1,,,
debug-dag.js,file,2877,.js,89,,1,,,
debug-failing-tests.js,file,3746,.js,121,,1,true,1,
debug-multiple-errors.js,file,1965,.js,55,,1,,,
debug-stats.js,file,990,.js,29,,1,,,
debug-timeout-detailed.js,file,1630,.js,54,,1,,,
debug-timeout.js,file,1145,.js,36,,1,,,
deployment\grafana\dashboards\rag-pipeline-dashboard.json,file,4249,.json,157,,,,,
deployment\helm\rag-pipeline\Chart.yaml,file,1149,.yaml,44,,,,,
deployment\helm\rag-pipeline\values.yaml,file,6305,.yaml,301,,,,,
deployment\kubernetes\configmap.yaml,file,3246,.yaml,115,,,,,
deployment\kubernetes\deployment.yaml,file,4769,.yaml,169,,,,,
deployment\kubernetes\ingress.yaml,file,3642,.yaml,128,,,,,
deployment\kubernetes\namespace.yaml,file,517,.yaml,16,,,,,
deployment\kubernetes\service.yaml,file,1574,.yaml,63,,,,,
deployment\prometheus\prometheus.yml,file,4251,.yml,138,,,,,
DEPLOYMENT_GUIDE.md,file,11003,.md,462,,,,,
diagnostic-fix-final.js,file,8287,.js,211,,3,true,,
diagnostic-results.json,file,18840,.json,28,,,,10,
docker-compose.yml,file,4846,.yml,190,,,,,
Dockerfile,file,3911,none,137,,,,,
docs\COMPREHENSIVE_ESLINT_FIX_REPORT.md,file,2962,.md,84,,,,,
docs\CONTRIBUTING.md,file,4051,.md,156,,,true,,
docs\CRITICAL_ESLINT_FIX_REPORT.md,file,659,.md,25,,,,,
docs\ESLINT_FIX_REPORT.md,file,1190,.md,43,,,,,
docs\GITHUB_ACTIONS_AUDIT_REPORT.md,file,9992,.md,401,,,,,
docs\GITHUB_ACTIONS_REMEDIATION.md,file,9085,.md,225,,,,,
docs\GITHUB_ISSUES_WORKFLOW_IMPROVEMENTS.md,file,7815,.md,273,,,,,
docs\lint-debt.md,file,604,.md,21,,,,,
docs\LINTING.md,file,7150,.md,234,,,true,,
docs\PLUGIN_DEVELOPER_GUIDE.md,file,14899,.md,624,,,true,,
docs\QA_FINAL_REPORT.md,file,12743,.md,290,,,,,
docs\TESTING_GUIDE.md,file,12345,.md,395,,,true,,
docs\WORKFLOW_MIGRATION_TIMELINE.md,file,8948,.md,277,,,,,
docs-site\.docusaurus\client-manifest.json,file,16343,.json,769,,,,,
docs-site\.docusaurus\client-modules.js,file,519,.js,7,1,4,,,
docs-site\.docusaurus\codeTranslations.json,file,2,.json,1,,,,,
docs-site\.docusaurus\docusaurus-plugin-content-blog\default\blog-post-list-prop-default.json,file,1188,.json,41,,,,,
docs-site\.docusaurus\docusaurus-plugin-content-blog\default\blogMetadata-default.json,file,128,.json,5,,,,,
docs-site\.docusaurus\docusaurus-plugin-content-blog\default\p\rag-pipeline-utils-blog-246.json,file,154,.json,1,,,,,
docs-site\.docusaurus\docusaurus-plugin-content-blog\default\p\rag-pipeline-utils-blog-archive-4f2.json,file,8782,.json,1,,,,,
docs-site\.docusaurus\docusaurus-plugin-content-blog\default\p\rag-pipeline-utils-blog-authors-0fb.json,file,214,.json,1,,,,,
docs-site\.docusaurus\docusaurus-plugin-content-blog\default\p\rag-pipeline-utils-blog-tags-blog-tags-architecture-a7e.json,file,357,.json,1,,,,,
docs-site\.docusaurus\docusaurus-plugin-content-blog\default\p\rag-pipeline-utils-blog-tags-blog-tags-changelog-00e.json,file,348,.json,1,,,,,
docs-site\.docusaurus\docusaurus-plugin-content-blog\default\p\rag-pipeline-utils-blog-tags-blog-tags-image-109.json,file,336,.json,1,,,,,
docs-site\.docusaurus\docusaurus-plugin-content-blog\default\p\rag-pipeline-utils-blog-tags-blog-tags-modular-11e.json,file,342,.json,1,,,,,
docs-site\.docusaurus\docusaurus-plugin-content-blog\default\p\rag-pipeline-utils-blog-tags-blog-tags-prompt-engineering-8c4.json,file,375,.json,1,,,,,
docs-site\.docusaurus\docusaurus-plugin-content-blog\default\p\rag-pipeline-utils-blog-tags-blog-tags-release-fa2.json,file,342,.json,1,,,,,
docs-site\.docusaurus\docusaurus-plugin-content-blog\default\p\rag-pipeline-utils-blog-tags-blog-tags-tutorials-909.json,file,348,.json,1,,,,,
docs-site\.docusaurus\docusaurus-plugin-content-blog\default\p\rag-pipeline-utils-blog-tags-da6.json,file,690,.json,1,,,,,
docs-site\.docusaurus\docusaurus-plugin-content-blog\default\site-blog-2025-04-18-architecture-overview-md-be1.json,file,1594,.json,52,,,,,
docs-site\.docusaurus\docusaurus-plugin-content-blog\default\site-blog-2025-04-18-release-v-2-1-1-md-73e.json,file,1332,.json,48,,,,,
docs-site\.docusaurus\docusaurus-plugin-content-blog\default\site-blog-2025-04-19-prompt-engineering-best-practices-md-0b6.json,file,1645,.json,52,,,,,
docs-site\.docusaurus\docusaurus-plugin-content-blog\default\site-blog-2025-04-20-image-showcase-md-06b.json,file,1488,.json,52,,,,,
docs-site\.docusaurus\docusaurus-plugin-content-blog\default\site-blog-2025-04-20-release-2-1-1-md-78e.json,file,750,.json,22,,,,,
docs-site\.docusaurus\docusaurus-plugin-content-blog\default\site-blog-2025-04-21-release-v-2-1-3-md-f2b.json,file,1324,.json,48,,,,,
docs-site\.docusaurus\docusaurus-plugin-content-blog\default\__plugin.json,file,65,.json,4,,,,,
docs-site\.docusaurus\docusaurus-plugin-content-docs\default\p\rag-pipeline-utils-docs-6b4.json,file,3464,.json,1,,,,,
docs-site\.docusaurus\docusaurus-plugin-content-docs\default\site-docs-architecture-md-495.json,file,807,.json,24,,,,,
docs-site\.docusaurus\docusaurus-plugin-content-docs\default\site-docs-cli-md-443.json,file,676,.json,24,,,,,
docs-site\.docusaurus\docusaurus-plugin-content-docs\default\site-docs-evaluation-md-19e.json,file,720,.json,24,,,,,
docs-site\.docusaurus\docusaurus-plugin-content-docs\default\site-docs-faq-md-ad8.json,file,550,.json,20,,,,,
docs-site\.docusaurus\docusaurus-plugin-content-docs\default\site-docs-intro-mdx-f84.json,file,524,.json,18,,,,,
docs-site\.docusaurus\docusaurus-plugin-content-docs\default\site-docs-introduction-md-e0a.json,file,760,.json,23,,,,,
docs-site\.docusaurus\docusaurus-plugin-content-docs\default\site-docs-plugins-md-832.json,file,720,.json,24,,,,,
docs-site\.docusaurus\docusaurus-plugin-content-docs\default\site-docs-tutorials-md-369.json,file,914,.json,28,,,,,
docs-site\.docusaurus\docusaurus-plugin-content-docs\default\site-docs-usage-md-bf4.json,file,725,.json,24,,,,,
docs-site\.docusaurus\docusaurus-plugin-content-docs\default\site-docs-use-cases-md-323.json,file,799,.json,29,,,,,
docs-site\.docusaurus\docusaurus-plugin-content-docs\default\__plugin.json,file,65,.json,4,,,,,
docs-site\.docusaurus\docusaurus-plugin-content-pages\default\site-src-pages-markdown-page-md-393.json,file,312,.json,11,,,,,
docs-site\.docusaurus\docusaurus-plugin-content-pages\default\__plugin.json,file,66,.json,4,,,,,
docs-site\.docusaurus\docusaurus-plugin-debug\default\p\rag-pipeline-utils-docusaurus-debug-content-15f.json,file,15944,.json,1,,,,,
docs-site\.docusaurus\docusaurus-plugin-debug\default\__plugin.json,file,58,.json,4,,,,,
docs-site\.docusaurus\docusaurus.config.mjs,file,6804,.mjs,,,,,,
docs-site\.docusaurus\DONT-EDIT-THIS-FOLDER,file,260,none,6,,,,,
docs-site\.docusaurus\globalData.json,file,2214,.json,77,,,,,
docs-site\.docusaurus\i18n.json,file,267,.json,17,,,,,
docs-site\.docusaurus\registry.js,file,13052,.js,55,1,53,,,
docs-site\.docusaurus\routes.js,file,6272,.js,182,1,2,,,
docs-site\.docusaurus\routesChunkNames.json,file,6171,.json,289,,,,,
docs-site\.docusaurus\site-metadata.json,file,926,.json,36,,,,,
docs-site\.docusaurus\site-storage.json,file,47,.json,4,,,,,
docs-site\.gitignore,file,233,none,21,,,,,
docs-site\blog\2025-04-18-architecture-overview.md,file,440,.md,17,,,,,
docs-site\blog\2025-04-18-release-v2.1.1.md,file,305,.md,14,,,,,
docs-site\blog\2025-04-19-prompt-engineering-best-practices.md,file,418,.md,17,,,,,
docs-site\blog\2025-04-20-image-showcase.md,file,363,.md,15,,,,,
docs-site\blog\2025-04-20-release-2.1.1.md,file,415,.md,22,,,,,
docs-site\blog\2025-04-21-release-v2.1.3.md,file,305,.md,14,,,,,
docs-site\blog\2025-04-21-release-v2.1.4.md,file,305,.md,14,,,,,
docs-site\blog\2025-04-22-release-v2.1.5.md,file,305,.md,14,,,,,
docs-site\blog\2025-04-24-v2.1.6.md,file,629,.md,22,,,,,
docs-site\blog\2025-04-25-release-v2.1.7.md,file,305,.md,14,,,,,
docs-site\blog\2025-04-26-v2.1.8.md,file,647,.md,20,,,,,
docs-site\blog\authors.yml,file,148,.yml,6,,,,,
docs-site\blog\tags.yml,file,1074,.yml,61,,,,,
docs-site\docs\Architecture.md,file,14951,.md,491,,,true,,
docs-site\docs\CLI.md,file,16549,.md,614,,,,,
docs-site\docs\Evaluation.md,file,15848,.md,558,,,,,
docs-site\docs\FAQ.md,file,1192,.md,51,,,,,
docs-site\docs\intro.mdx,file,127,.mdx,,,,,,
docs-site\docs\Introduction.md,file,8386,.md,243,,,,,
docs-site\docs\Migration.md,file,12537,.md,556,,,true,,
docs-site\docs\Performance.md,file,17577,.md,692,,,true,,
docs-site\docs\Plugins.md,file,15811,.md,603,,,true,,
docs-site\docs\Security.md,file,22299,.md,878,,,true,,
docs-site\docs\Troubleshooting.md,file,11705,.md,515,,,,,
docs-site\docs\Tutorials.md,file,2010,.md,106,,,,,
docs-site\docs\Usage.md,file,14415,.md,616,,,true,,
docs-site\docs\Use-Cases.md,file,1836,.md,77,,,,,
docs-site\docusaurus.config.js,file,2286,.js,89,1,,,,
docs-site\package-lock.json,file,687678,.json,17915,,,,,
docs-site\package.json,file,1276,.json,48,,,,,
docs-site\README.md,file,768,.md,42,,,,,
docs-site\sidebars.js,file,822,.js,40,1,1,,,
docs-site\src\components\HomepageFeatures\index.js,file,1961,.js,57,1,5,,,
docs-site\src\components\HomepageFeatures\index.module.css,file,993,.css,58,,,,,
docs-site\src\components\HomepageHeader\index.js,file,1526,.js,47,1,6,,,
docs-site\src\components\HomepageHeader\index.module.css,file,1451,.css,78,,,,,
docs-site\src\css\custom.css,file,2669,.css,104,,,,,
docs-site\src\pages\index.js,file,544,.js,21,1,4,,,
docs-site\src\pages\index.module.css,file,365,.css,24,,,,,
docs-site\src\pages\markdown-page.md,file,118,.md,8,,,,,
docs-site\static\.nojekyll,file,,none,1,,,,,
docs-site\static\img\authors\ali.jpg,file,32916,.jpg,,,,,,
docs-site\static\img\hero.jpg,file,6843,.jpg,,,,,,
docs-site\static\img\logo.png,file,1390990,.png,,,,,,
docs-site\static\img\logo.svg,file,449,.svg,7,,,,,
docs-site\static\img\social-card.jpg,file,1101016,.jpg,,,,,,
e2e-reports\e2e-integration-results.json,file,247,.json,11,,,,,
eslint-debug.json,file,987224,.json,1,,,true,,
eslint-diagnostic.json,file,996177,.json,1,,,true,,
eslint-final-cleanup-log.json,file,168,.json,9,,,,,
eslint-remaining.json,file,1356789,.json,2,,,true,,
eslint-unresolved.json,file,21977,.json,709,,,,,
final-completion.js,file,3284,.js,104,,2,true,,
FINAL_QA_STRATEGY_REPORT.md,file,4867,.md,136,,,,,
FINAL_QA_VALIDATION_REPORT.md,file,8765,.md,250,,,,,
fix-eslint-final-cleanup.js,file,6366,.js,186,,3,true,,
fix-eslint-final.js,file,3034,.js,94,,2,true,,
fix-eslint-resilient.js,file,6932,.js,222,,3,true,,
fix-remaining-eslint.js,file,2726,.js,97,,2,true,,
fix-targeted-eslint.js,file,5070,.js,153,,3,true,,
github-actions-audit-results.json,file,36807,.json,1252,,,,,
jest.config.js,file,1076,.js,36,1,,,,
jest.setup.js,file,550,.js,29,,,,,
LICENSE,file,35823,none,675,,,,,
package-lock.json,file,992172,.json,32877,,,,,
package.json,file,4689,.json,125,,,,,
pipelines\pipeline_1754480988626.json,file,766,.json,38,,,,,
pipelines\pipeline_1754480988646.json,file,670,.json,34,,,,,
pipelines\pipeline_1754510200406.json,file,766,.json,38,,,,,
pipelines\pipeline_1754510200422.json,file,670,.json,34,,,,,
pipelines\pipeline_1754510200434.json,file,750,.json,38,,,,,
pipelines\pipeline_1754510200439.json,file,1474,.json,74,,,,,
pipelines\pipeline_1754510200441.json,file,1474,.json,74,,,,,
pipelines\pipeline_1754510200442.json,file,1474,.json,74,,,,,
pipelines\pipeline_1754510200467.json,file,1473,.json,74,,,,,
pipelines\pipeline_1754510200473.json,file,746,.json,38,,,,,
pipelines\pipeline_1754510201351.json,file,1486,.json,74,,,,,
pipelines\pipeline_1754510201477.json,file,670,.json,34,,,,,
pipelines\pipeline_1754510476380.json,file,766,.json,38,,,,,
pipelines\pipeline_1754510476404.json,file,670,.json,34,,,,,
pipelines\pipeline_1754510476420.json,file,750,.json,38,,,,,
pipelines\pipeline_1754510476429.json,file,1474,.json,74,,,,,
pipelines\pipeline_1754510476431.json,file,1474,.json,74,,,,,
pipelines\pipeline_1754510476433.json,file,1474,.json,74,,,,,
pipelines\pipeline_1754510476473.json,file,1473,.json,74,,,,,
pipelines\pipeline_1754510476476.json,file,746,.json,38,,,,,
pipelines\pipeline_1754510477359.json,file,1486,.json,74,,,,,
pipelines\pipeline_1754510477426.json,file,670,.json,34,,,,,
pipelines\pipeline_1754511914049.json,file,766,.json,38,,,,,
pipelines\pipeline_1754511914107.json,file,670,.json,34,,,,,
pipelines\pipeline_1754511914178.json,file,750,.json,38,,,,,
pipelines\pipeline_1754511914181.json,file,1474,.json,74,,,,,
pipelines\pipeline_1754511914182.json,file,1474,.json,74,,,,,
pipelines\pipeline_1754511914184.json,file,1474,.json,74,,,,,
pipelines\pipeline_1754511914207.json,file,1473,.json,74,,,,,
pipelines\pipeline_1754511914209.json,file,746,.json,38,,,,,
pipelines\pipeline_1754511915213.json,file,1486,.json,74,,,,,
pipelines\pipeline_1754511915310.json,file,670,.json,34,,,,,
pipelines\pipeline_1754511937535.json,file,750,.json,38,,,,,
pipelines\pipeline_1754511937537.json,file,766,.json,38,,,,,
pipelines\pipeline_1754511937539.json,file,1474,.json,74,,,,,
pipelines\pipeline_1754511937540.json,file,1474,.json,74,,,,,
pipelines\pipeline_1754511937554.json,file,670,.json,34,,,,,
pipelines\pipeline_1754511937566.json,file,1473,.json,74,,,,,
pipelines\pipeline_1754511937569.json,file,746,.json,38,,,,,
pipelines\pipeline_1754511938574.json,file,1486,.json,74,,,,,
pipelines\pipeline_1754511938659.json,file,670,.json,34,,,,,
pipelines\pipeline_1754511988620.json,file,766,.json,38,,,,,
pipelines\pipeline_1754511988639.json,file,670,.json,34,,,,,
pipelines\pipeline_1754511988700.json,file,750,.json,38,,,,,
pipelines\pipeline_1754511988703.json,file,1474,.json,74,,,,,
pipelines\pipeline_1754511988704.json,file,1474,.json,74,,,,,
pipelines\pipeline_1754511988706.json,file,1474,.json,74,,,,,
pipelines\pipeline_1754511988730.json,file,1473,.json,74,,,,,
pipelines\pipeline_1754511988733.json,file,746,.json,38,,,,,
pipelines\pipeline_1754511989644.json,file,1486,.json,74,,,,,
pipelines\pipeline_1754511989739.json,file,670,.json,34,,,,,
pipelines\pipeline_1754512012012.json,file,766,.json,38,,,,,
pipelines\pipeline_1754512012019.json,file,750,.json,38,,,,,
pipelines\pipeline_1754512012038.json,file,670,.json,34,,,,,
pipelines\pipeline_1754512012042.json,file,1474,.json,74,,,,,
pipelines\pipeline_1754512012043.json,file,1474,.json,74,,,,,
pipelines\pipeline_1754512012045.json,file,1474,.json,74,,,,,
pipelines\pipeline_1754512012080.json,file,1473,.json,74,,,,,
pipelines\pipeline_1754512012083.json,file,746,.json,38,,,,,
pipelines\pipeline_1754512012940.json,file,1486,.json,74,,,,,
pipelines\pipeline_1754512012997.json,file,670,.json,34,,,,,
pipelines\pipeline_1754512701811.json,file,750,.json,38,,,,,
pipelines\pipeline_1754512701824.json,file,1474,.json,74,,,,,
pipelines\pipeline_1754512701826.json,file,1474,.json,74,,,,,
pipelines\pipeline_1754512701828.json,file,766,.json,38,,,,,
pipelines\pipeline_1754512701871.json,file,670,.json,34,,,,,
pipelines\pipeline_1754512701874.json,file,1473,.json,74,,,,,
pipelines\pipeline_1754512701878.json,file,746,.json,38,,,,,
pipelines\pipeline_1754512702770.json,file,1486,.json,74,,,,,
pipelines\pipeline_1754512702830.json,file,670,.json,34,,,,,
pipelines\pipeline_1754513016129.json,file,765,.json,37,,,,,
pipelines\pipeline_1754513016165.json,file,1474,.json,74,,,,,
pipelines\pipeline_1754513017085.json,file,1486,.json,74,,,,,
pipelines\pipeline_1754513017205.json,file,670,.json,34,,,,,
pipelines\pipeline_1754513196995.json,file,1473,.json,73,,,,,
pipelines\pipeline_1754513197091.json,file,766,.json,38,,,,,
pipelines\pipeline_1754513197795.json,file,1486,.json,74,,,,,
pipelines\pipeline_1754513197875.json,file,670,.json,34,,,,,
pipelines\pipeline_1754513321511.json,file,765,.json,37,,,,,
pipelines\pipeline_1754513321648.json,file,1474,.json,74,,,,,
pipelines\pipeline_1754513322408.json,file,1486,.json,74,,,,,
pipelines\pipeline_1754513322528.json,file,670,.json,34,,,,,
pipelines\pipeline_1754513417564.json,file,765,.json,37,,,,,
pipelines\pipeline_1754513417663.json,file,1474,.json,74,,,,,
pipelines\pipeline_1754513418603.json,file,1486,.json,74,,,,,
pipelines\pipeline_1754513418743.json,file,670,.json,34,,,,,
pipelines\pipeline_1754513852557.json,file,766,.json,38,,,,,
pipelines\pipeline_1754513852595.json,file,1473,.json,74,,,,,
pipelines\pipeline_1754513853535.json,file,1486,.json,74,,,,,
pipelines\pipeline_1754513853615.json,file,670,.json,34,,,,,
pipelines\pipeline_1754514070552.json,file,2476,.json,118,,,,,
pipelines\pipeline_1754514070854.json,file,765,.json,37,,,,,
pipelines\pipeline_1754514071812.json,file,1486,.json,74,,,,,
pipelines\pipeline_1754514071912.json,file,670,.json,34,,,,,
pipelines\pipeline_1754514417458.json,file,765,.json,37,,,,,
pipelines\pipeline_1754514417757.json,file,2476,.json,118,,,,,
pipelines\pipeline_1754514418957.json,file,1486,.json,74,,,,,
pipelines\pipeline_1754514419117.json,file,670,.json,34,,,,,
pipelines\pipeline_1754514446048.json,file,2479,.json,121,,,,,
pipelines\pipeline_1754514446320.json,file,765,.json,37,,,,,
pipelines\pipeline_1754514447308.json,file,1486,.json,74,,,,,
pipelines\pipeline_1754514447428.json,file,670,.json,34,,,,,
pipelines\pipeline_1754514703818.json,file,765,.json,37,,,,,
pipelines\pipeline_1754514703935.json,file,2476,.json,118,,,,,
pipelines\pipeline_1754514705135.json,file,1486,.json,74,,,,,
pipelines\pipeline_1754514705275.json,file,670,.json,34,,,,,
pipelines\pipeline_1754514917474.json,file,2477,.json,119,,,,,
pipelines\pipeline_1754514917975.json,file,765,.json,37,,,,,
pipelines\pipeline_1754514918674.json,file,1486,.json,74,,,,,
pipelines\pipeline_1754514918814.json,file,670,.json,34,,,,,
pipelines\pipeline_1754515064092.json,file,2477,.json,119,,,,,
pipelines\pipeline_1754515064630.json,file,766,.json,38,,,,,
pipelines\pipeline_1754515065412.json,file,1486,.json,74,,,,,
pipelines\pipeline_1754515065472.json,file,670,.json,34,,,,,
pipelines\pipeline_1754515202498.json,file,2479,.json,121,,,,,
pipelines\pipeline_1754515202966.json,file,766,.json,38,,,,,
pipelines\pipeline_1754515203858.json,file,1486,.json,74,,,,,
pipelines\pipeline_1754515203978.json,file,670,.json,34,,,,,
pipelines\pipeline_1754515533478.json,file,765,.json,37,,,,,
pipelines\pipeline_1754515533655.json,file,2478,.json,120,,,,,
pipelines\pipeline_1754515534895.json,file,1486,.json,74,,,,,
pipelines\pipeline_1754515535035.json,file,670,.json,34,,,,,
pipelines\pipeline_1754517495519.json,file,765,.json,37,,,,,
pipelines\pipeline_1754517495645.json,file,2476,.json,118,,,,,
pipelines\pipeline_1754517496805.json,file,1486,.json,74,,,,,
pipelines\pipeline_1754517496925.json,file,670,.json,34,,,,,
pipelines\pipeline_1754517916785.json,file,2475,.json,117,,,,,
pipelines\pipeline_1754517917044.json,file,765,.json,37,,,,,
pipelines\pipeline_1754517917985.json,file,1486,.json,74,,,,,
pipelines\pipeline_1754517918145.json,file,670,.json,34,,,,,
pipelines\pipeline_1754541785658.json,file,2476,.json,118,,,,,
pipelines\pipeline_1754541785857.json,file,765,.json,37,,,,,
pipelines\pipeline_1754541786898.json,file,1486,.json,74,,,,,
pipelines\pipeline_1754541786998.json,file,670,.json,34,,,,,
pipelines\pipeline_1754541974790.json,file,2476,.json,118,,,,,
pipelines\pipeline_1754541975334.json,file,765,.json,37,,,,,
pipelines\pipeline_1754541976110.json,file,1486,.json,74,,,,,
pipelines\pipeline_1754541976210.json,file,670,.json,34,,,,,
pipelines\pipeline_1754542828533.json,file,2476,.json,118,,,,,
pipelines\pipeline_1754542828763.json,file,766,.json,38,,,,,
pipelines\pipeline_1754542829813.json,file,1486,.json,74,,,,,
pipelines\pipeline_1754542829913.json,file,670,.json,34,,,,,
pipelines\pipeline_1754563501298.json,file,2359,.json,118,,,,,
pipelines\pipeline_1754563501745.json,file,729,.json,37,,,,,
pipelines\pipeline_1754563502618.json,file,1413,.json,74,,,,,
pipelines\pipeline_1754563502778.json,file,637,.json,34,,,,,
pipelines\pipeline_1754564081973.json,file,2359,.json,119,,,,,
pipelines\pipeline_1754564082381.json,file,729,.json,37,,,,,
pipelines\pipeline_1754564083213.json,file,1413,.json,74,,,,,
pipelines\pipeline_1754564083313.json,file,637,.json,34,,,,,
pipelines\pipeline_1754564188884.json,file,2359,.json,120,,,,,
pipelines\pipeline_1754564190064.json,file,1413,.json,74,,,,,
pipelines\pipeline_1754564190164.json,file,637,.json,34,,,,,
pipelines\pipeline_1754564226641.json,file,1400,.json,73,,,,,
pipelines\pipeline_1754564227921.json,file,1413,.json,74,,,,,
pipelines\pipeline_1754564228061.json,file,637,.json,34,,,,,
pipelines\pipeline_1754596230702.json,file,1473,.json,74,,,,,
pipelines\pipeline_1754596230871.json,file,765,.json,37,,,,,
pipelines\pipeline_1754596231982.json,file,1486,.json,74,,,,,
pipelines\pipeline_1754596232062.json,file,670,.json,34,,,,,
pipelines\pipeline_1754596340669.json,file,1472,.json,73,,,,,
pipelines\pipeline_1754596341346.json,file,765,.json,37,,,,,
pipelines\pipeline_1754596341929.json,file,1486,.json,74,,,,,
pipelines\pipeline_1754596342009.json,file,670,.json,34,,,,,
pipelines\pipeline_1754596390622.json,file,2476,.json,118,,,,,
pipelines\pipeline_1754596391802.json,file,1486,.json,74,,,,,
pipelines\pipeline_1754596391882.json,file,670,.json,34,,,,,
pipelines\pipeline_1754596392731.json,file,765,.json,37,,,,,
pipelines\pipeline_1754596425996.json,file,2479,.json,121,,,,,
pipelines\pipeline_1754596426948.json,file,765,.json,37,,,,,
pipelines\pipeline_1754596427176.json,file,1486,.json,74,,,,,
pipelines\pipeline_1754596427316.json,file,670,.json,34,,,,,
pipelines\pipeline_1754596583732.json,file,2476,.json,118,,,,,
pipelines\pipeline_1754596583960.json,file,765,.json,37,,,,,
pipelines\pipeline_1754596584872.json,file,1486,.json,74,,,,,
pipelines\pipeline_1754596585032.json,file,670,.json,34,,,,,
pipelines\pipeline_1754596603358.json,file,2476,.json,118,,,,,
pipelines\pipeline_1754596603547.json,file,765,.json,37,,,,,
pipelines\pipeline_1754596604478.json,file,1486,.json,74,,,,,
pipelines\pipeline_1754596604578.json,file,670,.json,34,,,,,
pipelines\pipeline_1754597302920.json,file,2477,.json,119,,,,,
pipelines\pipeline_1754597303475.json,file,765,.json,37,,,,,
pipelines\pipeline_1754597304120.json,file,1486,.json,74,,,,,
pipelines\pipeline_1754597304260.json,file,670,.json,34,,,,,
pipelines\pipeline_1754597362308.json,file,2476,.json,118,,,,,
pipelines\pipeline_1754597362427.json,file,765,.json,37,,,,,
pipelines\pipeline_1754597363488.json,file,1486,.json,74,,,,,
pipelines\pipeline_1754597363648.json,file,670,.json,34,,,,,
pipelines\pipeline_1754597645263.json,file,2476,.json,118,,,,,
pipelines\pipeline_1754597645801.json,file,765,.json,37,,,,,
pipelines\pipeline_1754597646563.json,file,1486,.json,74,,,,,
pipelines\pipeline_1754597646683.json,file,670,.json,34,,,,,
pipelines\pipeline_1754599512519.json,file,2478,.json,120,,,,,
pipelines\pipeline_1754599512712.json,file,765,.json,37,,,,,
pipelines\pipeline_1754599513719.json,file,1486,.json,74,,,,,
pipelines\pipeline_1754599513799.json,file,670,.json,34,,,,,
pipelines\pipeline_1754600291524.json,file,765,.json,37,,,,,
pipelines\pipeline_1754600644356.json,file,765,.json,37,,,,,
plugin.config.json,file,281,.json,15,,,,,
PLUGIN_ECOSYSTEM_GUIDE.md,file,13091,.md,504,,,true,,
profiling-reports\profile-test-profile-2025-08-06T19-56-41-331Z.json,file,708,.json,33,,,true,,
profiling-reports\profile-test-profile-2025-08-06T19-56-41-334Z.html,file,1516,.html,43,,,true,,
profiling-reports\profile-test-profile-2025-08-06T20-01-17-323Z.json,file,708,.json,33,,,true,,
profiling-reports\profile-test-profile-2025-08-06T20-01-17-338Z.html,file,1516,.html,43,,,true,,
profiling-reports\profile-test-profile-2025-08-06T20-25-15-177Z.json,file,708,.json,33,,,true,,
profiling-reports\profile-test-profile-2025-08-06T20-25-15-179Z.html,file,1516,.html,43,,,true,,
profiling-reports\profile-test-profile-2025-08-06T20-25-38-539Z.json,file,708,.json,33,,,true,,
profiling-reports\profile-test-profile-2025-08-06T20-25-38-542Z.html,file,1516,.html,43,,,true,,
profiling-reports\profile-test-profile-2025-08-06T20-26-29-604Z.json,file,708,.json,33,,,true,,
profiling-reports\profile-test-profile-2025-08-06T20-26-29-608Z.html,file,1516,.html,43,,,true,,
profiling-reports\profile-test-profile-2025-08-06T20-26-52-916Z.json,file,708,.json,33,,,true,,
profiling-reports\profile-test-profile-2025-08-06T20-26-52-919Z.html,file,1516,.html,43,,,true,,
profiling-reports\profile-test-profile-2025-08-06T20-38-22-738Z.json,file,708,.json,33,,,true,,
profiling-reports\profile-test-profile-2025-08-06T20-38-22-742Z.html,file,1516,.html,43,,,true,,
profiling-reports\profile-test-profile-2025-08-06T20-43-37-085Z.html,file,1516,.html,43,,,true,,
profiling-reports\profile-test-profile-2025-08-06T20-43-37-085Z.json,file,708,.json,33,,,true,,
profiling-reports\profile-test-profile-2025-08-06T20-46-37-795Z.html,file,1516,.html,43,,,true,,
profiling-reports\profile-test-profile-2025-08-06T20-46-37-795Z.json,file,708,.json,33,,,true,,
profiling-reports\profile-test-profile-2025-08-06T20-48-42-408Z.html,file,1516,.html,43,,,true,,
profiling-reports\profile-test-profile-2025-08-06T20-48-42-408Z.json,file,708,.json,33,,,true,,
profiling-reports\profile-test-profile-2025-08-06T20-50-18-603Z.html,file,1516,.html,43,,,true,,
profiling-reports\profile-test-profile-2025-08-06T20-50-18-603Z.json,file,708,.json,33,,,true,,
profiling-reports\profile-test-profile-2025-08-06T20-57-33-535Z.html,file,1516,.html,43,,,true,,
profiling-reports\profile-test-profile-2025-08-06T20-57-33-535Z.json,file,708,.json,33,,,true,,
profiling-reports\profile-test-profile-2025-08-06T21-01-11-792Z.html,file,1516,.html,43,,,true,,
profiling-reports\profile-test-profile-2025-08-06T21-01-11-792Z.json,file,708,.json,33,,,true,,
profiling-reports\profile-test-profile-2025-08-06T21-06-58-957Z.html,file,1516,.html,43,,,true,,
profiling-reports\profile-test-profile-2025-08-06T21-06-58-957Z.json,file,708,.json,33,,,true,,
profiling-reports\profile-test-profile-2025-08-06T21-07-27-308Z.html,file,1516,.html,43,,,true,,
profiling-reports\profile-test-profile-2025-08-06T21-07-27-308Z.json,file,708,.json,33,,,true,,
profiling-reports\profile-test-profile-2025-08-06T21-11-45-135Z.html,file,1516,.html,43,,,true,,
profiling-reports\profile-test-profile-2025-08-06T21-11-45-135Z.json,file,708,.json,33,,,true,,
profiling-reports\profile-test-profile-2025-08-06T21-15-18-674Z.html,file,1516,.html,43,,,true,,
profiling-reports\profile-test-profile-2025-08-06T21-15-18-674Z.json,file,708,.json,33,,,true,,
profiling-reports\profile-test-profile-2025-08-06T21-17-45-412Z.html,file,1516,.html,43,,,true,,
profiling-reports\profile-test-profile-2025-08-06T21-17-45-412Z.json,file,708,.json,33,,,true,,
profiling-reports\profile-test-profile-2025-08-06T21-20-03-858Z.html,file,1516,.html,43,,,true,,
profiling-reports\profile-test-profile-2025-08-06T21-20-03-858Z.json,file,708,.json,33,,,true,,
profiling-reports\profile-test-profile-2025-08-06T21-25-34-895Z.html,file,1516,.html,43,,,true,,
profiling-reports\profile-test-profile-2025-08-06T21-25-34-895Z.json,file,708,.json,33,,,true,,
profiling-reports\profile-test-profile-2025-08-06T21-58-16-805Z.html,file,1516,.html,43,,,true,,
profiling-reports\profile-test-profile-2025-08-06T21-58-16-805Z.json,file,708,.json,33,,,true,,
profiling-reports\profile-test-profile-2025-08-06T22-05-17-985Z.html,file,1516,.html,43,,,true,,
profiling-reports\profile-test-profile-2025-08-06T22-05-17-985Z.json,file,708,.json,33,,,true,,
profiling-reports\profile-test-profile-2025-08-07T04-43-06-898Z.html,file,1516,.html,43,,,true,,
profiling-reports\profile-test-profile-2025-08-07T04-43-06-898Z.json,file,708,.json,33,,,true,,
profiling-reports\profile-test-profile-2025-08-07T04-46-16-110Z.html,file,1516,.html,43,,,true,,
profiling-reports\profile-test-profile-2025-08-07T04-46-16-110Z.json,file,708,.json,33,,,true,,
profiling-reports\profile-test-profile-2025-08-07T05-00-29-793Z.json,file,708,.json,33,,,true,,
profiling-reports\profile-test-profile-2025-08-07T05-00-29-813Z.html,file,1516,.html,43,,,true,,
profiling-reports\profile-test-profile-2025-08-07T10-45-02-618Z.html,file,1474,.html,43,,,true,,
profiling-reports\profile-test-profile-2025-08-07T10-45-02-618Z.json,file,676,.json,33,,,true,,
profiling-reports\profile-test-profile-2025-08-07T10-54-43-213Z.html,file,1474,.html,43,,,true,,
profiling-reports\profile-test-profile-2025-08-07T10-54-43-213Z.json,file,676,.json,33,,,true,,
profiling-reports\profile-test-profile-2025-08-07T10-56-30-064Z.html,file,1474,.html,43,,,true,,
profiling-reports\profile-test-profile-2025-08-07T10-56-30-064Z.json,file,676,.json,33,,,true,,
profiling-reports\profile-test-profile-2025-08-07T10-57-07-921Z.html,file,1474,.html,43,,,true,,
profiling-reports\profile-test-profile-2025-08-07T10-57-07-921Z.json,file,676,.json,33,,,true,,
profiling-reports\profile-test-profile-2025-08-07T19-50-31-982Z.html,file,1516,.html,43,,,true,,
profiling-reports\profile-test-profile-2025-08-07T19-50-31-982Z.json,file,708,.json,33,,,true,,
profiling-reports\profile-test-profile-2025-08-07T19-52-21-929Z.html,file,1516,.html,43,,,true,,
profiling-reports\profile-test-profile-2025-08-07T19-52-21-929Z.json,file,708,.json,33,,,true,,
profiling-reports\profile-test-profile-2025-08-07T19-53-11-802Z.html,file,1516,.html,43,,,true,,
profiling-reports\profile-test-profile-2025-08-07T19-53-11-802Z.json,file,708,.json,33,,,true,,
profiling-reports\profile-test-profile-2025-08-07T19-53-47-176Z.html,file,1516,.html,43,,,true,,
profiling-reports\profile-test-profile-2025-08-07T19-53-47-176Z.json,file,708,.json,33,,,true,,
profiling-reports\profile-test-profile-2025-08-07T19-56-24-872Z.html,file,1516,.html,43,,,true,,
profiling-reports\profile-test-profile-2025-08-07T19-56-24-872Z.json,file,708,.json,33,,,true,,
profiling-reports\profile-test-profile-2025-08-07T19-56-44-478Z.html,file,1516,.html,43,,,true,,
profiling-reports\profile-test-profile-2025-08-07T19-56-44-478Z.json,file,708,.json,33,,,true,,
profiling-reports\profile-test-profile-2025-08-07T20-08-24-120Z.html,file,1516,.html,43,,,true,,
profiling-reports\profile-test-profile-2025-08-07T20-08-24-120Z.json,file,708,.json,33,,,true,,
profiling-reports\profile-test-profile-2025-08-07T20-09-23-488Z.html,file,1516,.html,43,,,true,,
profiling-reports\profile-test-profile-2025-08-07T20-09-23-488Z.json,file,708,.json,33,,,true,,
profiling-reports\profile-test-profile-2025-08-07T20-14-06-563Z.html,file,1516,.html,43,,,true,,
profiling-reports\profile-test-profile-2025-08-07T20-14-06-563Z.json,file,708,.json,33,,,true,,
profiling-reports\profile-test-profile-2025-08-07T20-45-13-719Z.html,file,1516,.html,43,,,true,,
profiling-reports\profile-test-profile-2025-08-07T20-45-13-719Z.json,file,708,.json,33,,,true,,
PROJECT_COMPLETION_SUMMARY.md,file,9286,.md,229,,,,,
public\.gitignore,file,1170,none,103,,,,,
public\index.html,file,6583,.html,201,,,,,
public\main.jsx,file,4767,.jsx,,,,,,
public\netlify.toml,file,663,.toml,,,,,,
public\package-lock.json,file,226941,.json,6579,,,,,
public\package.json,file,2299,.json,88,,,,,
public\postcss.config.js,file,80,.js,7,1,,,,
public\results\sample-eval.json,file,13769,.json,282,,,,,
public\src\App.jsx,file,29821,.jsx,,,,,,
public\src\components\FileUpload.jsx,file,8473,.jsx,,,,,,
public\src\components\Filters.jsx,file,12304,.jsx,,,,,,
public\src\components\ScoreChart.jsx,file,10214,.jsx,,,,,,
public\src\components\ScoreTable.jsx,file,14889,.jsx,,,,,,
public\src\components\ThemeToggle.jsx,file,1930,.jsx,,,,,,
public\src\contexts\ThemeContext.jsx,file,1962,.jsx,,,,,,
public\src\index.css,file,933,.css,46,,,,,
public\src\utils\helpers.js,file,10348,.js,356,12,,true,,
public\tailwind.config.js,file,2683,.js,105,1,4,,,
public\vite.config.js,file,1723,.js,86,1,3,,,
public\windsurf_deployment.yaml,file,429,.yaml,7,,,,,
qa-completion-results.json,file,1445,.json,67,,,,,
README.md,file,14663,.md,395,,,,,
release.config.js,file,927,.js,37,1,,,,
run-tests-resilient.js,file,6283,.js,172,,3,true,,
scripts\audit\deps-map.js,file,9132,.js,311,3,2,true,,
scripts\audit\inventory.js,file,9363,.js,333,2,2,true,1,
scripts\audit-github-workflows.js,file,27224,.js,745,1,3,true,,
scripts\autofix-unused-vars.js,file,4271,.js,109,,3,true,,
scripts\ci-runner.js,file,3701,.js,133,,7,true,,
scripts\close-done-roadmap-issues.js,file,1931,.js,67,,3,true,,
scripts\create-roadmap-issues.js,file,1560,.js,51,,3,true,,
scripts\emergency-git-fix.js,file,3241,.js,71,,5,,,
scripts\ensure-roadmap-labels.js,file,2839,.js,74,2,1,true,,
scripts\final-batch-fix.js,file,3436,.js,74,,2,,,
scripts\final-comprehensive-solution.js,file,5433,.js,129,,2,,,
scripts\final-surgical-fix.js,file,3555,.js,94,,3,true,,
scripts\fix-all-test-failures.js,file,10685,.js,282,2,6,true,,
scripts\fix-esm-exports.js,file,5910,.js,189,14,2,true,,
scripts\fix-esm-imports.js,file,5138,.js,153,1,12,,,
scripts\fix-mdx-blog-imports.js,file,1692,.js,53,,5,,,
scripts\fix-mdx-image-imports.js,file,888,.js,28,,3,,,
scripts\fix-module-exports.js,file,2669,.js,89,8,2,true,,
scripts\fix-test-debugger-keyword.js,file,3910,.js,100,,2,true,,
scripts\fix-test-esm-imports.js,file,5511,.js,162,1,13,true,,
scripts\fix-variable-references.js,file,4622,.js,134,,2,true,,
scripts\generate-release-note.js,file,7074,.js,246,,8,true,,
scripts\generate-test-reports.js,file,17859,.js,498,3,5,true,,
scripts\get-previous-tag.js,file,1254,.js,41,,1,true,,
scripts\health-check.js,file,8169,.js,303,,7,true,,
scripts\label-roadmap-issues.js,file,3805,.js,127,,3,true,,
scripts\lint-cleanup.js,file,2450,.js,61,,3,true,,
scripts\maintenance\batch-1-no-undef-fixer.js,file,12735,.js,407,1,13,true,,
scripts\maintenance\batch-2-signature-usage-fixer.js,file,10279,.js,342,1,3,true,,
scripts\maintenance\eslint-inventory.js,file,6212,.js,181,1,3,,,
scripts\maintenance\final-eslint-resolver.js,file,9475,.js,281,1,3,true,,
scripts\maintenance\fix-all-remaining-eslint.js,file,11079,.js,325,1,3,true,,
scripts\maintenance\fix-core-eslint-warnings.js,file,4804,.js,149,1,3,true,,
scripts\maintenance\fix-critical-eslint-blockers.js,file,7146,.js,218,1,3,true,,
scripts\maintenance\fix-critical-eslint-errors.js,file,7791,.js,248,1,3,true,,
scripts\maintenance\fix-eslint-errors.js,file,11902,.js,392,1,3,true,,
scripts\maintenance\fix-remaining-eslint.js,file,4393,.js,118,1,3,true,,
scripts\maintenance\fix-undefined-variables.js,file,7995,.js,246,1,3,true,,
scripts\maintenance\resolve-all-eslint-errors.js,file,11161,.js,320,1,3,true,,
scripts\maintenance\targeted-no-undef-fixer.js,file,7882,.js,250,1,16,true,,
scripts\manage-labels.js,file,9323,.js,325,,9,true,,
scripts\manual-test-checklist.md,file,3279,.md,90,,,true,,
scripts\remediate-workflows.js,file,19709,.js,495,1,3,true,,
scripts\repair-fixtures.js,file,977,.js,33,,4,,,
scripts\restore-git-hooks.js,file,2748,.js,74,,6,,,
scripts\roadmap-sync.js,file,8368,.js,269,,9,true,,
scripts\scripts.config.json,file,1203,.json,53,,,,,
scripts\SCRIPT_MIGRATION.md,file,5489,.md,180,,,,,
scripts\setup.js,file,1129,.js,34,,6,true,,
scripts\sync-labels.js,file,2176,.js,74,,6,true,,
scripts\sync-roadmap-labels.js,file,608,.js,22,,2,true,,
scripts\tag-release.js,file,2138,.js,67,,6,true,,
scripts\test-all-scripts.js,file,7639,.js,262,,8,true,,
scripts\test-global-setup.js,file,561,.js,19,,3,true,,
scripts\test-workflows.ps1,file,4162,.ps1,,,,,,
scripts\ultimate-comprehensive-fix.js,file,4522,.js,95,,3,,,
scripts\utils\cli.js,file,5068,.js,164,6,1,true,,
scripts\utils\logger.js,file,3159,.js,120,3,5,,,
scripts\utils\retry.js,file,5870,.js,186,4,6,true,,
scripts\validate-changelog-version.js,file,2079,.js,53,,6,true,,
scripts\verify-fixture-mocks.js,file,1397,.js,48,,6,true,,
scripts\verify-fixtures.js,file,1301,.js,40,,4,true,,
security-reports\security-scan-results.json,file,257,.json,11,,,,,
SECURITY_AUDIT_REPORT.md,file,5632,.md,172,,,,,
SECURITY_VULNERABILITY_TABLE.md,file,4960,.md,124,,,,,
server.js,file,847,.js,32,,3,,,
src\ai\adaptive-retrieval.js,file,25530,.js,798,1,2,true,,
src\ai\federated-learning.js,file,27713,.js,870,1,2,true,,
src\ai\index-fixed.js,file,14783,.js,461,2,2,true,,
src\ai\index.backup.js,file,11171,.js,387,1,4,true,,
src\ai\index.broken.js,file,15296,.js,474,1,2,true,,
src\ai\index.js,file,36851,.js,1078,2,2,true,,
src\ai\model-training-new.js,file,8394,.js,299,1,4,true,,
src\ai\model-training.backup.js,file,17052,.js,561,1,4,true,,
src\ai\model-training.js,file,5381,.js,207,1,2,true,,
src\ai\module-template.js,file,993,.js,37,6,1,,,
src\ai\multimodal-processing.js,file,21904,.js,752,1,2,true,,
src\cli\commands\ai-ml.js,file,30160,.js,819,1,7,true,,
src\cli\commands\docs.js,file,8411,.js,180,1,5,true,,
src\cli\commands\dx.js,file,21083,.js,500,1,6,true,,
src\cli\commands\plugin-hub.js,file,28591,.js,763,1,8,true,,
src\cli\doctor-command.js,file,28325,.js,815,3,12,,,
src\cli\enhanced-cli-commands.js,file,31398,.js,837,4,13,true,,
src\cli\interactive-wizard.js,file,25734,.js,830,4,8,true,,
src\cli\plugin-marketplace-commands.js,file,26381,.js,720,5,12,true,,
src\config\enhanced-ragrc-schema.js,file,13844,.js,512,2,3,,,
src\config\load-config.js,file,1805,.js,55,1,5,,,
src\config\load-plugin-config.js,file,2183,.js,61,3,7,,,
src\config\validate-plugin-schema.js,file,849,.js,36,2,,,,
src\config\validate-schema.js,file,2772,.js,113,1,1,,,
src\core\create-pipeline.js,file,14486,.js,408,3,7,true,,
src\core\observability\event-logger.js,file,11999,.js,440,1,1,,,
src\core\observability\instrumented-pipeline.js,file,14477,.js,504,2,4,true,,
src\core\observability\metrics.js,file,17436,.js,620,2,1,true,,
src\core\observability\tracing.js,file,19669,.js,724,3,2,true,,
src\core\performance\benchmark.js,file,14466,.js,468,1,1,,,
src\core\performance\parallel-processor.js,file,6887,.js,220,1,,,,
src\core\performance\streaming-safeguards.js,file,10333,.js,358,1,1,true,,
src\core\plugin-contracts.js,file,2530,.js,91,2,1,,,
src\core\plugin-marketplace\plugin-metadata.js,file,13701,.js,433,6,2,,,
src\core\plugin-marketplace\plugin-publisher.js,file,17048,.js,511,2,8,,,
src\core\plugin-marketplace\plugin-registry-format.js,file,10796,.js,391,2,6,true,,
src\core\plugin-marketplace\version-resolver.js,file,13710,.js,448,2,1,,,
src\core\plugin-registry.js,file,2870,.js,99,1,1,,,
src\dag\dag-engine.js,file,17248,.js,530,1,1,true,,
src\dx\index.js,file,1482,.js,38,1,4,,,
src\dx\integration-templates.js,file,13124,.js,371,1,2,,,
src\dx\performance-profiler.js,file,26102,.js,830,1,3,true,,
src\dx\realtime-debugger.js,file,17486,.js,594,1,2,true,,
src\dx\visual-pipeline-builder.js,file,15853,.js,553,2,4,true,,
src\ecosystem\plugin-analytics-dashboard.js,file,22350,.js,702,1,3,true,,
src\ecosystem\plugin-certification.js,file,15127,.js,526,1,2,true,,
src\ecosystem\plugin-hub.js,file,21160,.js,724,1,4,true,,
src\enterprise\audit-logging.js,file,27340,.js,870,1,4,true,,
src\enterprise\data-governance.js,file,11018,.js,373,3,4,true,,
src\enterprise\multi-tenancy.js,file,14079,.js,467,1,4,true,,
src\enterprise\sso-integration.js,file,18000,.js,630,1,4,true,,
src\evaluate\evaluator.js,file,1965,.js,50,2,6,,,
src\evaluate\scoring.js,file,2352,.js,84,2,,true,,
src\ingest.js,file,530,.js,22,2,1,,,
src\loader\csv-loader.js,file,933,.js,40,2,4,,,
src\loader\directory-loader.js,file,1255,.js,46,2,4,,,
src\loader\html-loader.js,file,1651,.js,67,2,4,true,,
src\loader\markdown-loader.js,file,1669,.js,68,2,4,true,,
src\mocks\openai-embedder.js,file,2342,.js,88,2,,,,
src\mocks\openai-llm.js,file,2204,.js,77,2,,true,,
src\mocks\pdf-loader.js,file,521,.js,24,2,,,,
src\mocks\pinecone-retriever.js,file,733,.js,31,2,,,,
src\query.js,file,3022,.js,104,3,3,,,
src\reranker\llm-reranker.js,file,1120,.js,39,1,,,,
src\utils\ci\diagnostic-reporter.js,file,1744,.js,45,2,2,true,,
src\utils\logger.js,file,722,.js,34,1,1,,,
src\utils\plugin-scaffolder.js,file,13251,.js,433,4,6,true,,
src\utils\retry.js,file,1449,.js,48,1,1,,,
src\utils\validate-plugin-contract.js,file,1355,.js,45,2,1,,,
systematic-fixes-log.json,file,1648,.json,67,,,,,
test-failure-analysis.json,file,3460,.json,143,,,true,,
test-matrix-results.json,file,391,.json,19,,,true,,
test-output.log,file,42934,.log,,,,,,
test-results-current.json,file,40756,.json,320,,,true,,
Use-Cases.md,file,3895,.md,134,,,,,
__tests__\ai\advanced-ai-capabilities.test.js,file,21257,.js,619,,1,true,,
__tests__\ci\contract-schema-validation.test.js,file,14943,.js,455,,5,true,,
__tests__\ci\pipeline-hardening.test.js,file,20234,.js,535,,3,true,,
__tests__\compatibility\node-versions.test.js,file,13952,.js,413,,9,true,,
__tests__\dx\dx-enhancements.test.js,file,23753,.js,617,2,1,true,,
__tests__\dx\dx-simple.test.js,file,6577,.js,177,,1,true,,
__tests__\e2e\full-pipeline-integration.test.js,file,27152,.js,656,,4,true,,
__tests__\e2e\real-data-integration.test.js,file,26851,.js,745,,4,true,,
__tests__\ecosystem\plugin-hub.test.js,file,19666,.js,683,,4,true,,
__tests__\fixtures\.ragrc.json,file,330,.json,9,,,true,,
__tests__\fixtures\e2e-data\large-corpus.json,file,533702,.json,12004,,,true,,
__tests__\fixtures\e2e-data\research-papers.json,file,48677,.json,1154,,,true,,
__tests__\fixtures\e2e-data\technical-docs.json,file,21552,.json,604,,,true,,
__tests__\fixtures\invalid-ragrc.json,file,70,.json,5,,,true,,
__tests__\fixtures\sample-eval-dataset.json,file,658,.json,15,,,true,,
__tests__\fixtures\sample.pdf,file,130,.pdf,,,,,,
__tests__\fixtures\src\mocks\openai-embedder.js,file,332,.js,17,1,,true,,
__tests__\fixtures\src\mocks\openai-llm.js,file,1154,.js,44,1,,true,,
__tests__\fixtures\src\mocks\pdf-loader.js,file,439,.js,18,1,,true,,
__tests__\fixtures\src\mocks\pinecone-retriever.js,file,2097,.js,73,1,,true,,
__tests__\fixtures\src\mocks\reranker.js,file,3122,.js,97,1,,true,,
__tests__\fixtures\valid-ragrc.json,file,362,.json,17,,,true,,
__tests__\integration\cli\config-flow.test.js,file,3658,.js,100,,4,true,,
__tests__\integration\config\load-config.test.js,file,1939,.js,56,,4,true,,
__tests__\integration\enhanced-cli-integration.test.js,file,21263,.js,749,,6,true,,
__tests__\integration\observability-integration.test.js,file,15066,.js,413,1,6,true,,
__tests__\integration\streaming-pipeline.test.js,file,10027,.js,332,,4,true,,
__tests__\load\concurrent-load.test.js,file,16800,.js,479,,5,true,,
__tests__\performance\concurrent-pipeline-simulation.test.js,file,15611,.js,419,,4,true,,
__tests__\performance\dag-pipeline-performance.test.js,file,24497,.js,654,,4,true,,
__tests__\performance\large-batch-processing.test.js,file,13666,.js,385,,4,true,,
__tests__\performance\pipeline-performance.test.js,file,14560,.js,402,,5,true,,
__tests__\performance\streaming-load.test.js,file,20975,.js,551,,4,true,,
__tests__\property\plugin-contracts.test.js,file,19448,.js,516,,1,true,,
__tests__\scripts\ensure-roadmap-labels.test.js,file,1978,.js,65,,1,true,,
__tests__\security\comprehensive-security-suite.test.js,file,17072,.js,481,,2,true,,
__tests__\security\plugin-isolation.test.js,file,19665,.js,562,,4,true,,
__tests__\security\secrets-and-validation.test.js,file,16334,.js,474,,2,true,,
__tests__\unit\cli\doctor-command.test.js,file,21437,.js,663,1,6,true,,
__tests__\unit\cli\enhanced-cli-commands.test.js,file,21976,.js,635,1,13,true,,
__tests__\unit\cli\enhanced-cli.test.js,file,12988,.js,408,2,3,true,,
__tests__\unit\cli\interactive-wizard.test.js,file,16569,.js,510,,5,true,,
__tests__\unit\config\validate-schema.test.js,file,4138,.js,122,,3,true,,
__tests__\unit\core\plugin-registry.test.js,file,1824,.js,56,,1,true,,
__tests__\unit\dag\dag-engine.test.js,file,16890,.js,493,,2,true,,
__tests__\unit\dag\error-handling.test.js,file,14687,.js,432,,1,true,,
__tests__\unit\observability\event-logger.test.js,file,13716,.js,363,4,1,true,,
__tests__\unit\observability\metrics.test.js,file,18221,.js,551,2,1,true,,
__tests__\unit\observability\tracing.test.js,file,15124,.js,444,2,1,true,,
__tests__\unit\performance\benchmark.test.js,file,13025,.js,405,,1,true,,
__tests__\unit\performance\parallel-processor.test.js,file,8908,.js,263,,1,true,,
__tests__\unit\performance\streaming-safeguards.test.js,file,13828,.js,404,,1,true,,
__tests__\unit\plugins\reranker.test.js,file,9681,.js,268,,1,true,,
__tests__\unit\reranker\llm-reranker.test.js,file,694,.js,18,,1,true,,
__tests__\unit\reranker\reranker.enriched.test.js,file,725,.js,19,,1,true,,
__tests__\unit\reranker\reranker.fallback.test.js,file,639,.js,15,,1,true,,
__tests__\unit\reranker\reranker.snapshot.test.js,file,599,.js,15,,1,true,,
__tests__\unit\reranker\reranker.structured-output.test.js,file,667,.js,17,,1,true,,
__tests__\unit\reranker\__snapshots__\reranker.snapshot.test.js.snap,file,174,.snap,,,,,,
__tests__\unit\scripts\script-utilities.test.js,file,14280,.js,468,,2,true,,
__tests__\unit\streaming\llm-streaming.test.js,file,6213,.js,186,,1,true,,
__tests__\utils\test-helpers.js,file,13434,.js,506,7,,true,,
__tests__\utils\test-reporter.js,file,20357,.js,762,2,2,true,,